{"name":"cf06cf0a-d5f6-4449-8ec3-ecf27e115ea3","id":"/providers/Microsoft.Flow/flows/cf06cf0a-d5f6-4449-8ec3-ecf27e115ea3","type":"Microsoft.Flow/flows","properties":{"apiId":"/providers/Microsoft.PowerApps/apis/shared_logicflows","displayName":"Add Embed Page (List item) -> New Page-Embed.aspx","definition":{"metadata":{"workflowEntityId":null,"processAdvisorMetadata":null,"flowChargedByPaygo":null,"flowclientsuspensionreason":"None","flowclientsuspensiontime":null,"flowclientsuspensionreasondetails":null,"creator":{"id":"c55d94b3-6cc8-4a60-95dc-0d4f42d4efc8","type":"User","tenantId":"e2acfed4-2e0e-454f-b628-ed74e07af13b"},"provisioningMethod":"FromDefinition","failureAlertSubscription":true,"clientLastModifiedTime":"2025-10-14T07:23:48.2370927Z","connectionKeySavedTimeKey":"2025-10-14T07:23:48.2370927Z","creationSource":"Portal","modifiedSources":"Portal"},"$schema":"https://schema.management.azure.com/providers/Microsoft.Logic/schemas/2016-06-01/workflowdefinition.json#","contentVersion":"1.0.0.0","parameters":{"$authentication":{"defaultValue":{},"type":"SecureObject"},"$connections":{"defaultValue":{},"type":"Object"}},"triggers":{"Add_Embed_Page_(List_item)":{"recurrence":{"frequency":"Minute","interval":5},"splitOn":"@triggerOutputs()?['body/value']","metadata":{"operationMetadataId":"0d6bb5d0-31c2-4cc5-9f6a-fdedf9193e57"},"type":"OpenApiConnection","inputs":{"parameters":{"dataset":"https://csproject25.sharepoint.com/sites/PD-Intranet","table":"b3181c90-c29c-49c2-9279-a681385be6c5"},"host":{"apiId":"/providers/Microsoft.PowerApps/apis/shared_sharepointonline","connectionName":"shared_sharepointonline","operationId":"GetOnNewItems"},"authentication":"@parameters('$authentication')"}}},"actions":{"Make_Page_—_Send_an_HTTP_request_to_SharePoint":{"runAfter":{"Copy_File_— Move_Template_Across_Site_Collection":["Succeeded"]},"metadata":{"operationMetadataId":"6c7264a6-b106-4bd7-bcfa-83dd3451712b"},"type":"OpenApiConnection","inputs":{"parameters":{"dataset":"https://csproject25.sharepoint.com/sites/@{triggerBody()?['site/Value']}","parameters/method":"POST","parameters/uri":"_api/web/GetFileByServerRelativePath(decodedurl='/sites/@{triggerOutputs()?['body/site/Value']}/SitePages/Page-Embed.aspx')/copyTo(strNewUrl='/sites/@{triggerBody()?['site/Value']}/SitePages/@{triggerBody()?['slug']}.aspx',boverwrite=true)"},"host":{"apiId":"/providers/Microsoft.PowerApps/apis/shared_sharepointonline","connectionName":"shared_sharepointonline","operationId":"HttpRequest"},"authentication":"@parameters('$authentication')"}},"Get_Page_Contents":{"runAfter":{"Make_Page_—_Send_an_HTTP_request_to_SharePoint":["Succeeded"]},"metadata":{"operationMetadataId":"d6a9a637-f42a-46c7-9c2e-5989bd354a6a"},"type":"OpenApiConnection","inputs":{"parameters":{"dataset":"https://csproject25.sharepoint.com/sites/@{triggerBody()?['site/Value']}","parameters/method":"GET","parameters/uri":"_api/web/GetFileByServerRelativePath(decodedurl='/sites/@{triggerBody()?['site/Value']}/SitePages/@{triggerBody()?['slug']}.aspx')/ListItemAllFields?$select=CanvasContent1"},"host":{"apiId":"/providers/Microsoft.PowerApps/apis/shared_sharepointonline","connectionName":"shared_sharepointonline","operationId":"HttpRequest"},"authentication":"@parameters('$authentication')"}},"Extract_CanvasContent1":{"runAfter":{"Get_Page_Contents":["Succeeded"]},"metadata":{"operationMetadataId":"efc739e6-19b4-4964-a0d2-5b439c553fdf"},"type":"Compose","inputs":"@body('Get_Page_Contents')?['d']['CanvasContent1']"},"Request_Body":{"runAfter":{"Replace_iframe_YouTube_Link_With_embed_url":["Succeeded"]},"metadata":{"operationMetadataId":"0cdc3058-74af-4e29-96ea-4a9e19309565"},"type":"Compose","inputs":{"__metadata":{"type":"SP.Data.SitePagesItem"},"Title":"@{triggerBody()?['Title']}","CanvasContent1":"@{outputs('Replace_iframe_YouTube_Link_With_embed_url')}"}},"Fix_Title_+_Patch_CanvasContent1_—_Send_an_HTTP_request_to_SharePoint":{"runAfter":{"Request_Body":["Succeeded"]},"metadata":{"operationMetadataId":"6407656a-70da-4808-936d-50fcb4bed0b5"},"type":"OpenApiConnection","inputs":{"parameters":{"dataset":"https://csproject25.sharepoint.com/sites/@{triggerBody()?['site/Value']}","parameters/method":"PATCH","parameters/uri":"_api/web/GetFileByServerRelativePath(decodedurl='/sites/@{triggerBody()?['site/Value']}/SitePages/@{triggerBody()?['slug']}.aspx')/ListItemAllFields","parameters/headers":{"Accept":"application/json;odata=verbose","Content-Type":"application/json;odata=verbose","IF-MATCH":"*","X-HTTP-Method":"MERGE"},"parameters/body":"@outputs('Request_Body')"},"host":{"apiId":"/providers/Microsoft.PowerApps/apis/shared_sharepointonline","connectionName":"shared_sharepointonline","operationId":"HttpRequest"},"authentication":"@parameters('$authentication')"}},"Publish_Page_—_Send_an_HTTP_request_to_SharePoint":{"runAfter":{"Fix_Title_+_Patch_CanvasContent1_—_Send_an_HTTP_request_to_SharePoint":["Succeeded"]},"metadata":{"operationMetadataId":"1a62bbbe-0bb8-4f00-8d64-cf64597bf705"},"type":"OpenApiConnection","inputs":{"parameters":{"dataset":"https://csproject25.sharepoint.com/sites/@{triggerBody()?['site/Value']}","parameters/method":"POST","parameters/uri":"/_api/sitepages/pages/getbyurl('/sites/@{triggerBody()?['site/Value']}/SitePages/@{triggerBody()?['slug']}.aspx')/publish"},"host":{"apiId":"/providers/Microsoft.PowerApps/apis/shared_sharepointonline","connectionName":"shared_sharepointonline","operationId":"HttpRequest"},"authentication":"@parameters('$authentication')"}},"Replace_iframe_YouTube_Link_With_embed_url":{"runAfter":{"Extract_CanvasContent1":["Succeeded"]},"metadata":{"operationMetadataId":"aceeba35-ef7a-42e4-b936-6d33013e901f"},"type":"Compose","inputs":"@replace(string(outputs('Extract_CanvasContent1')),\n        'https&#58;//www.youtube.com',\nreplace(\n  replace(\n    replace(\n      triggerBody()?['embed_url'],\n      ':', '&#58;'\n    ),\n    '?', '&#63;'\n  ),\n  '=', '&#61;'\n)\n)\n"},"Copy_File_— Move_Template_Across_Site_Collection":{"runAfter":{},"metadata":{"%252fSitePages%252fTemplates%252fPage-Embed.aspx":"/SitePages/Templates/Page-Embed.aspx","operationMetadataId":"11678a59-9af7-4cd4-8166-e7ee66ab5077"},"type":"OpenApiConnection","inputs":{"parameters":{"dataset":"https://csproject25.sharepoint.com/sites/PD-Intranet","parameters/sourceFileId":"%252fSitePages%252fTemplates%252fPage-Embed.aspx","parameters/destinationDataset":"https://csproject25.sharepoint.com/sites/@{triggerOutputs()?['body/site/Value']}","parameters/destinationFolderPath":"/SitePages","parameters/nameConflictBehavior":1},"host":{"apiId":"/providers/Microsoft.PowerApps/apis/shared_sharepointonline","connectionName":"shared_sharepointonline","operationId":"CopyFileAsync"},"authentication":"@parameters('$authentication')"}},"Delete_file":{"runAfter":{"Publish_Page_—_Send_an_HTTP_request_to_SharePoint":["Succeeded"]},"type":"OpenApiConnection","inputs":{"parameters":{"dataset":"https://csproject25.sharepoint.com/sites/@{triggerBody()?['site/Value']}","id":"@outputs('Copy_File_— Move_Template_Across_Site_Collection')?['body/Id']"},"host":{"apiId":"/providers/Microsoft.PowerApps/apis/shared_sharepointonline","connectionName":"shared_sharepointonline","operationId":"DeleteFile"},"authentication":"@parameters('$authentication')"}}},"outputs":{}},"connectionReferences":{"shared_sharepointonline":{"connectionName":"shared-sharepointonl-d925dfd6-1d1d-40d4-8019-7e24e9a19921","source":"Embedded","id":"/providers/Microsoft.PowerApps/apis/shared_sharepointonline","tier":"NotSpecified","apiName":"sharepointonline","isProcessSimpleApiReferenceConversionAlreadyDone":false}},"flowFailureAlertSubscribed":false,"isManaged":false}}